0000.jpg, bluebell
0001.jpg, broom
0002.jpg, cranesbill
0003.jpg, daisy
0004.jpg, dandelion
0005.jpg, evergreen_bugloss
0006.jpg, garlic_mustard
0007.jpg, greater_celandine
0008.jpg, lesser_celandine
0009.jpg, pale_wood_violet
0010.jpg, stitchwort
0011.jpg, wood_anemone
0012.jpg, bluebell
0013.jpg, broom
0014.jpg, cranesbill
0015.jpg, daisy
0016.jpg, dandelion
0017.jpg, evergreen_bugloss
0018.jpg, garlic_mustard
0019.jpg, greater_celandine
0020.jpg, lesser_celandine
0021.jpg, pale_wood_violet
0022.jpg, stitchwort
0023.jpg, wood_anemone
0024.jpg, bluebell
0025.jpg, broom
0026.jpg, cranesbill
0027.jpg, daisy
0028.jpg, dandelion
0029.jpg, evergreen_bugloss
0030.jpg, garlic_mustard
0031.jpg, greater_celandine
0032.jpg, lesser_celandine
0033.jpg, pale_wood_violet
0034.jpg, stitchwort
0035.jpg, wood_anemone
0036.jpg, bluebell
0037.jpg, broom
0038.jpg, cranesbill
0039.jpg, daisy
0040.jpg, dandelion
0041.jpg, evergreen_bugloss
0042.jpg, garlic_mustard
0043.jpg, greater_celandine
0044.jpg, lesser_celandine
0045.jpg, pale_wood_violet
0046.jpg, stitchwort
0047.jpg, wood_anemone
0048.jpg, bluebell
0049.jpg, broom
0050.jpg, cranesbill
0051.jpg, daisy
0052.jpg, dandelion
0053.jpg, evergreen_bugloss
0054.jpg, garlic_mustard
0055.jpg, greater_celandine
0056.jpg, lesser_celandine
0057.jpg, pale_wood_violet
0058.jpg, stitchwort
0059.jpg, wood_anemone
0060.jpg, bluebell
0061.jpg, broom
0062.jpg, cranesbill
0063.jpg, daisy
0064.jpg, dandelion
0065.jpg, evergreen_bugloss
0066.jpg, garlic_mustard
0067.jpg, greater_celandine
0068.jpg, lesser_celandine
0069.jpg, pale_wood_violet
0070.jpg, stitchwort
0071.jpg, wood_anemone
0072.jpg, bluebell
0073.jpg, broom
0074.jpg, cranesbill
0075.jpg, daisy
0076.jpg, dandelion
0077.jpg, evergreen_bugloss
0078.jpg, garlic_mustard
0079.jpg, greater_celandine
0080.jpg, lesser_celandine
0081.jpg, pale_wood_violet
0082.jpg, stitchwort
0083.jpg, wood_anemone
0084.jpg, bluebell
0085.jpg, broom
0086.jpg, cranesbill
0087.jpg, daisy
0088.jpg, dandelion
0089.jpg, evergreen_bugloss
0090.jpg, garlic_mustard
0091.jpg, greater_celandine
0092.jpg, lesser_celandine
0093.jpg, pale_wood_violet
0094.jpg, stitchwort
0095.jpg, wood_anemone
0096.jpg, bluebell
0097.jpg, broom
0098.jpg, cranesbill
0099.jpg, daisy
0100.jpg, dandelion
0101.jpg, evergreen_bugloss
0102.jpg, garlic_mustard
0103.jpg, greater_celandine
0104.jpg, lesser_celandine
0105.jpg, pale_wood_violet
0106.jpg, stitchwort
0107.jpg, wood_anemone
0108.jpg, bluebell
0109.jpg, broom
0110.jpg, cranesbill
0111.jpg, daisy
0112.jpg, dandelion
0113.jpg, evergreen_bugloss
0114.jpg, garlic_mustard
0115.jpg, greater_celandine
0116.jpg, lesser_celandine
0117.jpg, pale_wood_violet
0118.jpg, stitchwort
0119.jpg, wood_anemone
0120.jpg, bluebell
0121.jpg, broom
0122.jpg, cranesbill
0123.jpg, daisy
0124.jpg, dandelion
0125.jpg, evergreen_bugloss
0126.jpg, garlic_mustard
0127.jpg, greater_celandine
0128.jpg, lesser_celandine
0129.jpg, pale_wood_violet
0130.jpg, stitchwort
0131.jpg, wood_anemone
0132.jpg, bluebell
0133.jpg, broom
0134.jpg, cranesbill
0135.jpg, daisy
0136.jpg, dandelion
0137.jpg, evergreen_bugloss
0138.jpg, garlic_mustard
0139.jpg, greater_celandine
0140.jpg, lesser_celandine
0141.jpg, pale_wood_violet
0142.jpg, stitchwort
0143.jpg, wood_anemone
0144.jpg, bluebell
0145.jpg, broom
0146.jpg, cranesbill
0147.jpg, daisy
0148.jpg, dandelion
0149.jpg, evergreen_bugloss
0150.jpg, garlic_mustard
0151.jpg, greater_celandine
0152.jpg, lesser_celandine
0153.jpg, pale_wood_violet
0154.jpg, stitchwort
0155.jpg, wood_anemone
0156.jpg, bluebell
0157.jpg, broom
0158.jpg, cranesbill
0159.jpg, daisy
0160.jpg, dandelion
0161.jpg, evergreen_bugloss
0162.jpg, garlic_mustard
0163.jpg, greater_celandine
0164.jpg, lesser_celandine
0165.jpg, pale_wood_violet
0166.jpg, stitchwort
0167.jpg, wood_anemone
0168.jpg, bluebell
0169.jpg, broom
0170.jpg, cranesbill
0171.jpg, daisy
0172.jpg, dandelion
0173.jpg, evergreen_bugloss
0174.jpg, garlic_mustard
0175.jpg, greater_celandine
0176.jpg, lesser_celandine
0177.jpg, pale_wood_violet
0178.jpg, stitchwort
0179.jpg, wood_anemone
0180.jpg, bluebell
0181.jpg, broom
0182.jpg, cranesbill
0183.jpg, daisy
0184.jpg, dandelion
0185.jpg, evergreen_bugloss
0186.jpg, garlic_mustard
0187.jpg, greater_celandine
0188.jpg, lesser_celandine
0189.jpg, pale_wood_violet
0190.jpg, stitchwort
0191.jpg, wood_anemone
0192.jpg, bluebell
0193.jpg, broom
0194.jpg, cranesbill
0195.jpg, daisy
0196.jpg, dandelion
0197.jpg, evergreen_bugloss
0198.jpg, garlic_mustard
0199.jpg, greater_celandine
0200.jpg, lesser_celandine
0201.jpg, pale_wood_violet
0202.jpg, stitchwort
0203.jpg, wood_anemone
0204.jpg, bluebell
0205.jpg, broom
0206.jpg, cranesbill
0207.jpg, daisy
0208.jpg, dandelion
0209.jpg, evergreen_bugloss
0210.jpg, garlic_mustard
0211.jpg, greater_celandine
0212.jpg, lesser_celandine
0213.jpg, pale_wood_violet
0214.jpg, stitchwort
0215.jpg, wood_anemone
0216.jpg, bluebell
0217.jpg, broom
0218.jpg, cranesbill
0219.jpg, daisy
0220.jpg, dandelion
0221.jpg, evergreen_bugloss
0222.jpg, garlic_mustard
0223.jpg, greater_celandine
0224.jpg, lesser_celandine
0225.jpg, pale_wood_violet
0226.jpg, stitchwort
0227.jpg, wood_anemone
0228.jpg, bluebell
0229.jpg, broom
0230.jpg, cranesbill
0231.jpg, daisy
0232.jpg, dandelion
0233.jpg, evergreen_bugloss
0234.jpg, garlic_mustard
0235.jpg, greater_celandine
0236.jpg, lesser_celandine
0237.jpg, pale_wood_violet
0238.jpg, stitchwort
0239.jpg, wood_anemone
0240.jpg, bluebell
0241.jpg, broom
0242.jpg, cranesbill
0243.jpg, daisy
0244.jpg, dandelion
0245.jpg, evergreen_bugloss
0246.jpg, garlic_mustard
0247.jpg, greater_celandine
0248.jpg, lesser_celandine
0249.jpg, pale_wood_violet
0250.jpg, stitchwort
0251.jpg, wood_anemone
0252.jpg, bluebell
0253.jpg, broom
0254.jpg, cranesbill
0255.jpg, daisy
0256.jpg, dandelion
0257.jpg, evergreen_bugloss
0258.jpg, garlic_mustard
0259.jpg, greater_celandine
0260.jpg, lesser_celandine
0261.jpg, pale_wood_violet
0262.jpg, stitchwort
0263.jpg, wood_anemone
0264.jpg, bluebell
0265.jpg, broom
0266.jpg, cranesbill
0267.jpg, daisy
0268.jpg, dandelion
0269.jpg, evergreen_bugloss
0270.jpg, garlic_mustard
0271.jpg, greater_celandine
0272.jpg, lesser_celandine
0273.jpg, pale_wood_violet
0274.jpg, stitchwort
0275.jpg, wood_anemone
0276.jpg, bluebell
0277.jpg, broom
0278.jpg, cranesbill
0279.jpg, daisy
0280.jpg, dandelion
0281.jpg, evergreen_bugloss
0282.jpg, garlic_mustard
0283.jpg, greater_celandine
0284.jpg, lesser_celandine
0285.jpg, pale_wood_violet
0286.jpg, stitchwort
0287.jpg, wood_anemone
0288.jpg, bluebell
0289.jpg, broom
0290.jpg, cranesbill
0291.jpg, daisy
0292.jpg, dandelion
0293.jpg, evergreen_bugloss
0294.jpg, garlic_mustard
0295.jpg, greater_celandine
0296.jpg, lesser_celandine
0297.jpg, pale_wood_violet
0298.jpg, stitchwort
0299.jpg, wood_anemone
0300.jpg, bluebell
0301.jpg, broom
0302.jpg, cranesbill
0303.jpg, daisy
0304.jpg, dandelion
0305.jpg, evergreen_bugloss
0306.jpg, garlic_mustard
0307.jpg, greater_celandine
0308.jpg, lesser_celandine
0309.jpg, pale_wood_violet
0310.jpg, stitchwort
0311.jpg, wood_anemone
0312.jpg, bluebell
0313.jpg, broom
0314.jpg, cranesbill
0315.jpg, daisy
0316.jpg, dandelion
0317.jpg, evergreen_bugloss
0318.jpg, garlic_mustard
0319.jpg, greater_celandine
0320.jpg, lesser_celandine
0321.jpg, pale_wood_violet
0322.jpg, stitchwort
0323.jpg, wood_anemone
0324.jpg, bluebell
0325.jpg, broom
0326.jpg, cranesbill
0327.jpg, daisy
0328.jpg, dandelion
0329.jpg, evergreen_bugloss
0330.jpg, garlic_mustard
0331.jpg, greater_celandine
0332.jpg, lesser_celandine
0333.jpg, pale_wood_violet
0334.jpg, stitchwort
0335.jpg, wood_anemone
0336.jpg, bluebell
0337.jpg, broom
0338.jpg, cranesbill
0339.jpg, daisy
0340.jpg, dandelion
0341.jpg, evergreen_bugloss
0342.jpg, garlic_mustard
0343.jpg, greater_celandine
0344.jpg, lesser_celandine
0345.jpg, pale_wood_violet
0346.jpg, stitchwort
0347.jpg, wood_anemone
0348.jpg, bluebell
0349.jpg, broom
0350.jpg, cranesbill
0351.jpg, daisy
0352.jpg, dandelion
0353.jpg, evergreen_bugloss
0354.jpg, garlic_mustard
0355.jpg, greater_celandine
0356.jpg, lesser_celandine
0357.jpg, pale_wood_violet
0358.jpg, stitchwort
0359.jpg, wood_anemone
0360.jpg, bluebell
0361.jpg, broom
0362.jpg, cranesbill
0363.jpg, daisy
0364.jpg, dandelion
0365.jpg, evergreen_bugloss
0366.jpg, garlic_mustard
0367.jpg, greater_celandine
0368.jpg, lesser_celandine
0369.jpg, pale_wood_violet
0370.jpg, stitchwort
0371.jpg, wood_anemone
0372.jpg, bluebell
0373.jpg, broom
0374.jpg, cranesbill
0375.jpg, daisy
0376.jpg, dandelion
0377.jpg, evergreen_bugloss
0378.jpg, garlic_mustard
0379.jpg, greater_celandine
0380.jpg, lesser_celandine
0381.jpg, pale_wood_violet
0382.jpg, stitchwort
0383.jpg, wood_anemone
0384.jpg, bluebell
0385.jpg, broom
0386.jpg, cranesbill
0387.jpg, daisy
0388.jpg, dandelion
0389.jpg, evergreen_bugloss
0390.jpg, garlic_mustard
0391.jpg, greater_celandine
0392.jpg, lesser_celandine
0393.jpg, pale_wood_violet
0394.jpg, stitchwort
0395.jpg, wood_anemone
0396.jpg, bluebell
0397.jpg, broom
0398.jpg, cranesbill
0399.jpg, daisy
0400.jpg, dandelion
0401.jpg, evergreen_bugloss
0402.jpg, garlic_mustard
0403.jpg, greater_celandine
0404.jpg, lesser_celandine
0405.jpg, pale_wood_violet
0406.jpg, stitchwort
0407.jpg, wood_anemone
0408.jpg, bluebell
0409.jpg, broom
0410.jpg, cranesbill
0411.jpg, daisy
0412.jpg, dandelion
0413.jpg, evergreen_bugloss
0414.jpg, garlic_mustard
0415.jpg, greater_celandine
0416.jpg, lesser_celandine
0417.jpg, pale_wood_violet
0418.jpg, stitchwort
0419.jpg, wood_anemone
0420.jpg, bluebell
0421.jpg, broom
0422.jpg, cranesbill
0423.jpg, daisy
0424.jpg, dandelion
0425.jpg, evergreen_bugloss
0426.jpg, garlic_mustard
0427.jpg, greater_celandine
0428.jpg, lesser_celandine
0429.jpg, pale_wood_violet
0430.jpg, stitchwort
0431.jpg, wood_anemone
0432.jpg, bluebell
0433.jpg, broom
0434.jpg, cranesbill
0435.jpg, daisy
0436.jpg, dandelion
0437.jpg, evergreen_bugloss
0438.jpg, garlic_mustard
0439.jpg, greater_celandine
0440.jpg, lesser_celandine
0441.jpg, pale_wood_violet
0442.jpg, stitchwort
0443.jpg, wood_anemone
0444.jpg, bluebell
0445.jpg, broom
0446.jpg, cranesbill
0447.jpg, daisy
0448.jpg, dandelion
0449.jpg, evergreen_bugloss
0450.jpg, garlic_mustard
0451.jpg, greater_celandine
0452.jpg, lesser_celandine
0453.jpg, pale_wood_violet
0454.jpg, stitchwort
0455.jpg, wood_anemone
0456.jpg, bluebell
0457.jpg, broom
0458.jpg, cranesbill
0459.jpg, daisy
0460.jpg, dandelion
0461.jpg, evergreen_bugloss
0462.jpg, garlic_mustard
0463.jpg, greater_celandine
0464.jpg, lesser_celandine
0465.jpg, pale_wood_violet
0466.jpg, stitchwort
0467.jpg, wood_anemone
0468.jpg, bluebell
0469.jpg, broom
0470.jpg, cranesbill
0471.jpg, daisy
0472.jpg, dandelion
0473.jpg, evergreen_bugloss
0474.jpg, garlic_mustard
0475.jpg, greater_celandine
0476.jpg, lesser_celandine
0477.jpg, pale_wood_violet
0478.jpg, stitchwort
0479.jpg, wood_anemone
0480.jpg, bluebell
0481.jpg, broom
0482.jpg, cranesbill
0483.jpg, daisy
0484.jpg, dandelion
0485.jpg, evergreen_bugloss
0486.jpg, garlic_mustard
0487.jpg, greater_celandine
0488.jpg, lesser_celandine
0489.jpg, pale_wood_violet
0490.jpg, stitchwort
0491.jpg, wood_anemone
0492.jpg, bluebell
0493.jpg, broom
0494.jpg, cranesbill
0495.jpg, daisy
0496.jpg, dandelion
0497.jpg, evergreen_bugloss
0498.jpg, garlic_mustard
0499.jpg, greater_celandine
0500.jpg, lesser_celandine
0501.jpg, pale_wood_violet
0502.jpg, stitchwort
0503.jpg, wood_anemone
0504.jpg, bluebell
0505.jpg, broom
0506.jpg, cranesbill
0507.jpg, daisy
0508.jpg, dandelion
0509.jpg, evergreen_bugloss
0510.jpg, garlic_mustard
0511.jpg, greater_celandine
0512.jpg, lesser_celandine
0513.jpg, pale_wood_violet
0514.jpg, stitchwort
0515.jpg, wood_anemone
0516.jpg, bluebell
0517.jpg, broom
0518.jpg, cranesbill
0519.jpg, daisy
0520.jpg, dandelion
0521.jpg, evergreen_bugloss
0522.jpg, garlic_mustard
0523.jpg, greater_celandine
0524.jpg, lesser_celandine
0525.jpg, pale_wood_violet
0526.jpg, stitchwort
0527.jpg, wood_anemone
0528.jpg, bluebell
0529.jpg, broom
0530.jpg, cranesbill
0531.jpg, daisy
0532.jpg, dandelion
0533.jpg, evergreen_bugloss
0534.jpg, garlic_mustard
0535.jpg, greater_celandine
0536.jpg, lesser_celandine
0537.jpg, pale_wood_violet
0538.jpg, stitchwort
0539.jpg, wood_anemone
0540.jpg, bluebell
0541.jpg, broom
0542.jpg, cranesbill
0543.jpg, daisy
0544.jpg, dandelion
0545.jpg, evergreen_bugloss
0546.jpg, garlic_mustard
0547.jpg, greater_celandine
0548.jpg, lesser_celandine
0549.jpg, pale_wood_violet
0550.jpg, stitchwort
0551.jpg, wood_anemone
0552.jpg, bluebell
0553.jpg, broom
0554.jpg, cranesbill
0555.jpg, daisy
0556.jpg, dandelion
0557.jpg, evergreen_bugloss
0558.jpg, garlic_mustard
0559.jpg, greater_celandine
0560.jpg, lesser_celandine
0561.jpg, pale_wood_violet
0562.jpg, stitchwort
0563.jpg, wood_anemone
0564.jpg, bluebell
0565.jpg, broom
0566.jpg, cranesbill
0567.jpg, daisy
0568.jpg, dandelion
0569.jpg, evergreen_bugloss
0570.jpg, garlic_mustard
0571.jpg, greater_celandine
0572.jpg, lesser_celandine
0573.jpg, pale_wood_violet
0574.jpg, stitchwort
0575.jpg, wood_anemone
0576.jpg, bluebell
0577.jpg, broom
0578.jpg, cranesbill
0579.jpg, daisy
0580.jpg, dandelion
0581.jpg, evergreen_bugloss
0582.jpg, garlic_mustard
0583.jpg, greater_celandine
0584.jpg, lesser_celandine
0585.jpg, pale_wood_violet
0586.jpg, stitchwort
0587.jpg, wood_anemone
0588.jpg, bluebell
0589.jpg, broom
0590.jpg, cranesbill
0591.jpg, daisy
0592.jpg, dandelion
0593.jpg, evergreen_bugloss
0594.jpg, garlic_mustard
0595.jpg, greater_celandine
0596.jpg, lesser_celandine
0597.jpg, pale_wood_violet
0598.jpg, stitchwort
0599.jpg, wood_anemone
0600.jpg, bluebell
0601.jpg, broom
0602.jpg, cranesbill
0603.jpg, daisy
0604.jpg, dandelion
0605.jpg, evergreen_bugloss
0606.jpg, garlic_mustard
0607.jpg, greater_celandine
0608.jpg, lesser_celandine
0609.jpg, pale_wood_violet
0610.jpg, stitchwort
0611.jpg, wood_anemone
0612.jpg, bluebell
0613.jpg, broom
0614.jpg, cranesbill
0615.jpg, daisy
0616.jpg, dandelion
0617.jpg, evergreen_bugloss
0618.jpg, garlic_mustard
0619.jpg, greater_celandine
0620.jpg, lesser_celandine
0621.jpg, pale_wood_violet
0622.jpg, stitchwort
0623.jpg, wood_anemone
0624.jpg, bluebell
0625.jpg, broom
0626.jpg, cranesbill
0627.jpg, daisy
0628.jpg, dandelion
0629.jpg, evergreen_bugloss
0630.jpg, garlic_mustard
0631.jpg, greater_celandine
0632.jpg, lesser_celandine
0633.jpg, pale_wood_violet
0634.jpg, stitchwort
0635.jpg, wood_anemone
0636.jpg, bluebell
0637.jpg, broom
0638.jpg, cranesbill
0639.jpg, daisy
0640.jpg, dandelion
0641.jpg, evergreen_bugloss
0642.jpg, garlic_mustard
0643.jpg, greater_celandine
0644.jpg, lesser_celandine
0645.jpg, pale_wood_violet
0646.jpg, stitchwort
0647.jpg, wood_anemone
0648.jpg, bluebell
0649.jpg, broom
0650.jpg, cranesbill
0651.jpg, daisy
0652.jpg, dandelion
0653.jpg, evergreen_bugloss
0654.jpg, garlic_mustard
0655.jpg, greater_celandine
0656.jpg, lesser_celandine
0657.jpg, pale_wood_violet
0658.jpg, stitchwort
0659.jpg, wood_anemone
0660.jpg, bluebell
0661.jpg, broom
0662.jpg, cranesbill
0663.jpg, daisy
0664.jpg, dandelion
0665.jpg, evergreen_bugloss
0666.jpg, garlic_mustard
0667.jpg, greater_celandine
0668.jpg, lesser_celandine
0669.jpg, pale_wood_violet
0670.jpg, stitchwort
0671.jpg, wood_anemone
0672.jpg, bluebell
0673.jpg, broom
0674.jpg, cranesbill
0675.jpg, daisy
0676.jpg, dandelion
0677.jpg, evergreen_bugloss
0678.jpg, garlic_mustard
0679.jpg, greater_celandine
0680.jpg, lesser_celandine
0681.jpg, pale_wood_violet
0682.jpg, stitchwort
0683.jpg, wood_anemone
0684.jpg, bluebell
0685.jpg, broom
0686.jpg, cranesbill
0687.jpg, daisy
0688.jpg, dandelion
0689.jpg, evergreen_bugloss
0690.jpg, garlic_mustard
0691.jpg, greater_celandine
0692.jpg, lesser_celandine
0693.jpg, pale_wood_violet
0694.jpg, stitchwort
0695.jpg, wood_anemone
0696.jpg, bluebell
0697.jpg, broom
0698.jpg, cranesbill
0699.jpg, daisy
0700.jpg, dandelion
0701.jpg, evergreen_bugloss
0702.jpg, garlic_mustard
0703.jpg, greater_celandine
0704.jpg, lesser_celandine
0705.jpg, pale_wood_violet
0706.jpg, stitchwort
0707.jpg, wood_anemone
0708.jpg, bluebell
0709.jpg, broom
0710.jpg, cranesbill
0711.jpg, daisy
0712.jpg, dandelion
0713.jpg, evergreen_bugloss
0714.jpg, garlic_mustard
0715.jpg, greater_celandine
0716.jpg, lesser_celandine
0717.jpg, pale_wood_violet
0718.jpg, stitchwort
0719.jpg, wood_anemone
0720.jpg, bluebell
0721.jpg, broom
0722.jpg, cranesbill
0723.jpg, daisy
0724.jpg, dandelion
0725.jpg, evergreen_bugloss
0726.jpg, garlic_mustard
0727.jpg, greater_celandine
0728.jpg, lesser_celandine
0729.jpg, pale_wood_violet
0730.jpg, stitchwort
0731.jpg, wood_anemone
0732.jpg, bluebell
0733.jpg, broom
0734.jpg, cranesbill
0735.jpg, daisy
0736.jpg, dandelion
0737.jpg, evergreen_bugloss
0738.jpg, garlic_mustard
0739.jpg, greater_celandine
0740.jpg, lesser_celandine
0741.jpg, pale_wood_violet
0742.jpg, stitchwort
0743.jpg, wood_anemone
0744.jpg, bluebell
0745.jpg, broom
0746.jpg, cranesbill
0747.jpg, daisy
0748.jpg, dandelion
0749.jpg, evergreen_bugloss
0750.jpg, garlic_mustard
0751.jpg, greater_celandine
0752.jpg, lesser_celandine
0753.jpg, pale_wood_violet
0754.jpg, stitchwort
0755.jpg, wood_anemone
0756.jpg, bluebell
0757.jpg, broom
0758.jpg, cranesbill
0759.jpg, daisy
0760.jpg, dandelion
0761.jpg, evergreen_bugloss
0762.jpg, garlic_mustard
0763.jpg, greater_celandine
0764.jpg, lesser_celandine
0765.jpg, pale_wood_violet
0766.jpg, stitchwort
0767.jpg, wood_anemone
0768.jpg, bluebell
0769.jpg, broom
0770.jpg, cranesbill
0771.jpg, daisy
0772.jpg, dandelion
0773.jpg, evergreen_bugloss
0774.jpg, garlic_mustard
0775.jpg, greater_celandine
0776.jpg, lesser_celandine
0777.jpg, pale_wood_violet
0778.jpg, stitchwort
0779.jpg, wood_anemone
0780.jpg, bluebell
0781.jpg, broom
0782.jpg, cranesbill
0783.jpg, daisy
0784.jpg, dandelion
0785.jpg, evergreen_bugloss
0786.jpg, garlic_mustard
0787.jpg, greater_celandine
0788.jpg, lesser_celandine
0789.jpg, pale_wood_violet
0790.jpg, stitchwort
0791.jpg, wood_anemone
0792.jpg, bluebell
0793.jpg, broom
0794.jpg, cranesbill
0795.jpg, daisy
0796.jpg, dandelion
0797.jpg, evergreen_bugloss
0798.jpg, garlic_mustard
0799.jpg, greater_celandine
0800.jpg, lesser_celandine
0801.jpg, pale_wood_violet
0802.jpg, stitchwort
0803.jpg, wood_anemone
0804.jpg, bluebell
0805.jpg, broom
0806.jpg, cranesbill
0807.jpg, daisy
0808.jpg, dandelion
0809.jpg, evergreen_bugloss
0810.jpg, garlic_mustard
0811.jpg, greater_celandine
0812.jpg, lesser_celandine
0813.jpg, pale_wood_violet
0814.jpg, stitchwort
0815.jpg, wood_anemone
0816.jpg, bluebell
0817.jpg, broom
0818.jpg, cranesbill
0819.jpg, daisy
0820.jpg, dandelion
0821.jpg, evergreen_bugloss
0822.jpg, garlic_mustard
0823.jpg, greater_celandine
0824.jpg, lesser_celandine
0825.jpg, pale_wood_violet
0826.jpg, stitchwort
0827.jpg, wood_anemone
0828.jpg, bluebell
0829.jpg, broom
0830.jpg, cranesbill
0831.jpg, daisy
0832.jpg, dandelion
0833.jpg, evergreen_bugloss
0834.jpg, garlic_mustard
0835.jpg, greater_celandine
0836.jpg, lesser_celandine
0837.jpg, pale_wood_violet
0838.jpg, stitchwort
0839.jpg, wood_anemone
0840.jpg, bluebell
0841.jpg, broom
0842.jpg, cranesbill
0843.jpg, daisy
0844.jpg, dandelion
0845.jpg, evergreen_bugloss
0846.jpg, garlic_mustard
0847.jpg, greater_celandine
0848.jpg, lesser_celandine
0849.jpg, pale_wood_violet
0850.jpg, stitchwort
0851.jpg, wood_anemone
0852.jpg, bluebell
0853.jpg, broom
0854.jpg, cranesbill
0855.jpg, daisy
0856.jpg, dandelion
0857.jpg, evergreen_bugloss
0858.jpg, garlic_mustard
0859.jpg, greater_celandine
0860.jpg, lesser_celandine
0861.jpg, pale_wood_violet
0862.jpg, stitchwort
0863.jpg, wood_anemone
0864.jpg, bluebell
0865.jpg, broom
0866.jpg, cranesbill
0867.jpg, daisy
0868.jpg, dandelion
0869.jpg, evergreen_bugloss
0870.jpg, garlic_mustard
0871.jpg, greater_celandine
0872.jpg, lesser_celandine
0873.jpg, pale_wood_violet
0874.jpg, stitchwort
0875.jpg, wood_anemone
0876.jpg, bluebell
0877.jpg, broom
0878.jpg, cranesbill
0879.jpg, daisy
0880.jpg, dandelion
0881.jpg, evergreen_bugloss
0882.jpg, garlic_mustard
0883.jpg, greater_celandine
0884.jpg, lesser_celandine
0885.jpg, pale_wood_violet
0886.jpg, stitchwort
0887.jpg, wood_anemone
0888.jpg, bluebell
0889.jpg, broom
0890.jpg, cranesbill
0891.jpg, daisy
0892.jpg, dandelion
0893.jpg, evergreen_bugloss
0894.jpg, garlic_mustard
0895.jpg, greater_celandine
0896.jpg, lesser_celandine
0897.jpg, pale_wood_violet
0898.jpg, stitchwort
0899.jpg, wood_anemone
0900.jpg, bluebell
0901.jpg, broom
0902.jpg, cranesbill
0903.jpg, daisy
0904.jpg, dandelion
0905.jpg, evergreen_bugloss
0906.jpg, garlic_mustard
0907.jpg, greater_celandine
0908.jpg, lesser_celandine
0909.jpg, pale_wood_violet
0910.jpg, stitchwort
0911.jpg, wood_anemone
0912.jpg, bluebell
0913.jpg, broom
0914.jpg, cranesbill
0915.jpg, daisy
0916.jpg, dandelion
0917.jpg, evergreen_bugloss
0918.jpg, garlic_mustard
0919.jpg, greater_celandine
0920.jpg, lesser_celandine
0921.jpg, pale_wood_violet
0922.jpg, stitchwort
0923.jpg, wood_anemone
0924.jpg, bluebell
0925.jpg, broom
0926.jpg, cranesbill
0927.jpg, daisy
0928.jpg, dandelion
0929.jpg, evergreen_bugloss
0930.jpg, garlic_mustard
0931.jpg, greater_celandine
0932.jpg, lesser_celandine
0933.jpg, pale_wood_violet
0934.jpg, stitchwort
0935.jpg, wood_anemone
0936.jpg, bluebell
0937.jpg, broom
0938.jpg, cranesbill
0939.jpg, daisy
0940.jpg, dandelion
0941.jpg, evergreen_bugloss
0942.jpg, garlic_mustard
0943.jpg, greater_celandine
0944.jpg, lesser_celandine
0945.jpg, pale_wood_violet
0946.jpg, stitchwort
0947.jpg, wood_anemone
0948.jpg, bluebell
0949.jpg, broom
0950.jpg, cranesbill
0951.jpg, daisy
0952.jpg, dandelion
0953.jpg, evergreen_bugloss
0954.jpg, garlic_mustard
0955.jpg, greater_celandine
0956.jpg, lesser_celandine
0957.jpg, pale_wood_violet
0958.jpg, stitchwort
0959.jpg, wood_anemone
0960.jpg, bluebell
0961.jpg, broom
0962.jpg, cranesbill
0963.jpg, daisy
0964.jpg, dandelion
0965.jpg, evergreen_bugloss
0966.jpg, garlic_mustard
0967.jpg, greater_celandine
0968.jpg, lesser_celandine
0969.jpg, pale_wood_violet
0970.jpg, stitchwort
0971.jpg, wood_anemone
0972.jpg, bluebell
0973.jpg, broom
0974.jpg, cranesbill
0975.jpg, daisy
0976.jpg, dandelion
0977.jpg, evergreen_bugloss
0978.jpg, garlic_mustard
0979.jpg, greater_celandine
0980.jpg, lesser_celandine
0981.jpg, pale_wood_violet
0982.jpg, stitchwort
0983.jpg, wood_anemone
0984.jpg, bluebell
0985.jpg, broom
0986.jpg, cranesbill
0987.jpg, daisy
0988.jpg, dandelion
0989.jpg, evergreen_bugloss
0990.jpg, garlic_mustard
0991.jpg, greater_celandine
0992.jpg, lesser_celandine
0993.jpg, pale_wood_violet
0994.jpg, stitchwort
0995.jpg, wood_anemone
0996.jpg, bluebell
0997.jpg, broom
0998.jpg, cranesbill
0999.jpg, daisy
1000.jpg, dandelion
1001.jpg, evergreen_bugloss
1002.jpg, garlic_mustard
1003.jpg, greater_celandine
1004.jpg, lesser_celandine
1005.jpg, pale_wood_violet
1006.jpg, stitchwort
1007.jpg, wood_anemone
1008.jpg, bluebell
1009.jpg, broom
1010.jpg, cranesbill
1011.jpg, daisy
1012.jpg, dandelion
1013.jpg, evergreen_bugloss
1014.jpg, garlic_mustard
1015.jpg, greater_celandine
1016.jpg, lesser_celandine
1017.jpg, pale_wood_violet
1018.jpg, stitchwort
1019.jpg, wood_anemone
1020.jpg, bluebell
1021.jpg, broom
1022.jpg, cranesbill
1023.jpg, daisy
1024.jpg, dandelion
1025.jpg, evergreen_bugloss
1026.jpg, garlic_mustard
1027.jpg, greater_celandine
1028.jpg, lesser_celandine
1029.jpg, pale_wood_violet
1030.jpg, stitchwort
1031.jpg, wood_anemone
1032.jpg, bluebell
1033.jpg, broom
1034.jpg, cranesbill
1035.jpg, daisy
1036.jpg, dandelion
1037.jpg, evergreen_bugloss
1038.jpg, garlic_mustard
1039.jpg, greater_celandine
1040.jpg, lesser_celandine
1041.jpg, pale_wood_violet
1042.jpg, stitchwort
1043.jpg, wood_anemone
1044.jpg, bluebell
1045.jpg, broom
1046.jpg, cranesbill
1047.jpg, daisy
1048.jpg, dandelion
1049.jpg, evergreen_bugloss
1050.jpg, garlic_mustard
1051.jpg, greater_celandine
1052.jpg, lesser_celandine
1053.jpg, pale_wood_violet
1054.jpg, stitchwort
1055.jpg, wood_anemone
1056.jpg, bluebell
1057.jpg, broom
1058.jpg, cranesbill
1059.jpg, daisy
1060.jpg, dandelion
1061.jpg, evergreen_bugloss
1062.jpg, garlic_mustard
1063.jpg, greater_celandine
1064.jpg, lesser_celandine
1065.jpg, pale_wood_violet
1066.jpg, stitchwort
1067.jpg, wood_anemone
1068.jpg, bluebell
1069.jpg, broom
1070.jpg, cranesbill
1071.jpg, daisy
1072.jpg, dandelion
1073.jpg, evergreen_bugloss
1074.jpg, garlic_mustard
1075.jpg, greater_celandine
1076.jpg, lesser_celandine
1077.jpg, pale_wood_violet
1078.jpg, stitchwort
1079.jpg, wood_anemone
1080.jpg, bluebell
1081.jpg, broom
1082.jpg, cranesbill
1083.jpg, daisy
1084.jpg, dandelion
1085.jpg, evergreen_bugloss
1086.jpg, garlic_mustard
1087.jpg, greater_celandine
1088.jpg, lesser_celandine
1089.jpg, pale_wood_violet
1090.jpg, stitchwort
1091.jpg, wood_anemone
1092.jpg, bluebell
1093.jpg, broom
1094.jpg, cranesbill
1095.jpg, daisy
1096.jpg, dandelion
1097.jpg, evergreen_bugloss
1098.jpg, garlic_mustard
1099.jpg, greater_celandine
1100.jpg, lesser_celandine
1101.jpg, pale_wood_violet
1102.jpg, stitchwort
1103.jpg, wood_anemone
1104.jpg, bluebell
1105.jpg, broom
1106.jpg, cranesbill
1107.jpg, daisy
1108.jpg, dandelion
1109.jpg, evergreen_bugloss
1110.jpg, garlic_mustard
1111.jpg, greater_celandine
1112.jpg, lesser_celandine
1113.jpg, pale_wood_violet
1114.jpg, stitchwort
1115.jpg, wood_anemone
1116.jpg, bluebell
1117.jpg, broom
1118.jpg, cranesbill
1119.jpg, daisy
1120.jpg, dandelion
1121.jpg, evergreen_bugloss
1122.jpg, garlic_mustard
1123.jpg, greater_celandine
1124.jpg, lesser_celandine
1125.jpg, pale_wood_violet
1126.jpg, stitchwort
1127.jpg, wood_anemone
1128.jpg, bluebell
1129.jpg, broom
1130.jpg, cranesbill
1131.jpg, daisy
1132.jpg, dandelion
1133.jpg, evergreen_bugloss
1134.jpg, garlic_mustard
1135.jpg, greater_celandine
1136.jpg, lesser_celandine
1137.jpg, pale_wood_violet
1138.jpg, stitchwort
1139.jpg, wood_anemone
1140.jpg, bluebell
1141.jpg, broom
1142.jpg, cranesbill
1143.jpg, daisy
1144.jpg, dandelion
1145.jpg, evergreen_bugloss
1146.jpg, garlic_mustard
1147.jpg, greater_celandine
1148.jpg, lesser_celandine
1149.jpg, pale_wood_violet
1150.jpg, stitchwort
1151.jpg, wood_anemone
1152.jpg, bluebell
1153.jpg, broom
1154.jpg, cranesbill
1155.jpg, daisy
1156.jpg, dandelion
1157.jpg, evergreen_bugloss
1158.jpg, garlic_mustard
1159.jpg, greater_celandine
1160.jpg, lesser_celandine
1161.jpg, pale_wood_violet
1162.jpg, stitchwort
1163.jpg, wood_anemone
1164.jpg, bluebell
1165.jpg, broom
1166.jpg, cranesbill
1167.jpg, daisy
1168.jpg, dandelion
1169.jpg, evergreen_bugloss
1170.jpg, garlic_mustard
1171.jpg, greater_celandine
1172.jpg, lesser_celandine
1173.jpg, pale_wood_violet
1174.jpg, stitchwort
1175.jpg, wood_anemone
1176.jpg, bluebell
1177.jpg, broom
1178.jpg, cranesbill
1179.jpg, daisy
1180.jpg, dandelion
1181.jpg, evergreen_bugloss
1182.jpg, garlic_mustard
1183.jpg, greater_celandine
1184.jpg, lesser_celandine
1185.jpg, pale_wood_violet
1186.jpg, stitchwort
1187.jpg, wood_anemone
1188.jpg, bluebell
1189.jpg, broom
1190.jpg, cranesbill
1191.jpg, daisy
1192.jpg, dandelion
1193.jpg, evergreen_bugloss
1194.jpg, garlic_mustard
1195.jpg, greater_celandine
1196.jpg, lesser_celandine
1197.jpg, pale_wood_violet
1198.jpg, stitchwort
1199.jpg, wood_anemone
1200.jpg, bluebell
1201.jpg, broom
1202.jpg, cranesbill
1203.jpg, daisy
1204.jpg, dandelion
1205.jpg, evergreen_bugloss
1206.jpg, garlic_mustard
1207.jpg, greater_celandine
1208.jpg, lesser_celandine
1209.jpg, pale_wood_violet
1210.jpg, stitchwort
1211.jpg, wood_anemone
1212.jpg, bluebell
1213.jpg, broom
1214.jpg, cranesbill
1215.jpg, daisy
1216.jpg, dandelion
1217.jpg, evergreen_bugloss
1218.jpg, garlic_mustard
1219.jpg, greater_celandine
1220.jpg, lesser_celandine
1221.jpg, pale_wood_violet
1222.jpg, stitchwort
1223.jpg, wood_anemone
1224.jpg, bluebell
1225.jpg, broom
1226.jpg, cranesbill
1227.jpg, daisy
1228.jpg, dandelion
1229.jpg, evergreen_bugloss
1230.jpg, garlic_mustard
1231.jpg, greater_celandine
1232.jpg, lesser_celandine
1233.jpg, pale_wood_violet
1234.jpg, stitchwort
1235.jpg, wood_anemone
1236.jpg, bluebell
1237.jpg, broom
1238.jpg, cranesbill
1239.jpg, daisy
1240.jpg, dandelion
1241.jpg, evergreen_bugloss
1242.jpg, garlic_mustard
1243.jpg, greater_celandine
1244.jpg, lesser_celandine
1245.jpg, pale_wood_violet
1246.jpg, stitchwort
1247.jpg, wood_anemone
1248.jpg, bluebell
1249.jpg, broom
1250.jpg, cranesbill
1251.jpg, daisy
1252.jpg, dandelion
1253.jpg, evergreen_bugloss
1254.jpg, garlic_mustard
1255.jpg, greater_celandine
1256.jpg, lesser_celandine
1257.jpg, pale_wood_violet
1258.jpg, stitchwort
1259.jpg, wood_anemone
1260.jpg, bluebell
1261.jpg, broom
1262.jpg, cranesbill
1263.jpg, daisy
1264.jpg, dandelion
1265.jpg, evergreen_bugloss
1266.jpg, garlic_mustard
1267.jpg, greater_celandine
1268.jpg, lesser_celandine
1269.jpg, pale_wood_violet
1270.jpg, stitchwort
1271.jpg, wood_anemone
1272.jpg, bluebell
1273.jpg, broom
1274.jpg, cranesbill
1275.jpg, daisy
1276.jpg, dandelion
1277.jpg, evergreen_bugloss
1278.jpg, garlic_mustard
1279.jpg, greater_celandine
1280.jpg, lesser_celandine
1281.jpg, pale_wood_violet
1282.jpg, stitchwort
1283.jpg, wood_anemone
1284.jpg, bluebell
1285.jpg, broom
1286.jpg, cranesbill
1287.jpg, daisy
1288.jpg, dandelion
1289.jpg, evergreen_bugloss
1290.jpg, garlic_mustard
1291.jpg, greater_celandine
1292.jpg, lesser_celandine
1293.jpg, pale_wood_violet
1294.jpg, stitchwort
1295.jpg, wood_anemone
1296.jpg, bluebell
1297.jpg, broom
1298.jpg, cranesbill
1299.jpg, daisy
1300.jpg, dandelion
1301.jpg, evergreen_bugloss
1302.jpg, garlic_mustard
1303.jpg, greater_celandine
1304.jpg, lesser_celandine
1305.jpg, pale_wood_violet
1306.jpg, stitchwort
1307.jpg, wood_anemone
1308.jpg, bluebell
1309.jpg, broom
1310.jpg, cranesbill
1311.jpg, daisy
1312.jpg, dandelion
1313.jpg, evergreen_bugloss
1314.jpg, garlic_mustard
1315.jpg, greater_celandine
1316.jpg, lesser_celandine
1317.jpg, pale_wood_violet
1318.jpg, stitchwort
1319.jpg, wood_anemone
1320.jpg, bluebell
1321.jpg, broom
1322.jpg, cranesbill
1323.jpg, daisy
1324.jpg, dandelion
1325.jpg, evergreen_bugloss
1326.jpg, garlic_mustard
1327.jpg, greater_celandine
1328.jpg, lesser_celandine
1329.jpg, pale_wood_violet
1330.jpg, stitchwort
1331.jpg, wood_anemone
1332.jpg, bluebell
1333.jpg, broom
1334.jpg, cranesbill
1335.jpg, daisy
1336.jpg, dandelion
1337.jpg, evergreen_bugloss
1338.jpg, garlic_mustard
1339.jpg, greater_celandine
1340.jpg, lesser_celandine
1341.jpg, pale_wood_violet
1342.jpg, stitchwort
1343.jpg, wood_anemone
1344.jpg, bluebell
1345.jpg, broom
1346.jpg, cranesbill
1347.jpg, daisy
1348.jpg, dandelion
1349.jpg, evergreen_bugloss
1350.jpg, garlic_mustard
1351.jpg, greater_celandine
1352.jpg, lesser_celandine
1353.jpg, pale_wood_violet
1354.jpg, stitchwort
1355.jpg, wood_anemone
1356.jpg, bluebell
1357.jpg, broom
1358.jpg, cranesbill
1359.jpg, daisy
1360.jpg, dandelion
1361.jpg, evergreen_bugloss
1362.jpg, garlic_mustard
1363.jpg, greater_celandine
1364.jpg, lesser_celandine
1365.jpg, pale_wood_violet
1366.jpg, stitchwort
1367.jpg, wood_anemone
1368.jpg, bluebell
1369.jpg, broom
1370.jpg, cranesbill
1371.jpg, daisy
1372.jpg, dandelion
1373.jpg, evergreen_bugloss
1374.jpg, garlic_mustard
1375.jpg, greater_celandine
1376.jpg, lesser_celandine
1377.jpg, pale_wood_violet
1378.jpg, stitchwort
1379.jpg, wood_anemone
1380.jpg, bluebell
1381.jpg, broom
1382.jpg, cranesbill
1383.jpg, daisy
1384.jpg, dandelion
1385.jpg, evergreen_bugloss
1386.jpg, garlic_mustard
1387.jpg, greater_celandine
1388.jpg, lesser_celandine
1389.jpg, pale_wood_violet
1390.jpg, stitchwort
1391.jpg, wood_anemone
1392.jpg, bluebell
1393.jpg, broom
1394.jpg, cranesbill
1395.jpg, daisy
1396.jpg, dandelion
1397.jpg, evergreen_bugloss
1398.jpg, garlic_mustard
1399.jpg, greater_celandine
1400.jpg, lesser_celandine
1401.jpg, pale_wood_violet
1402.jpg, stitchwort
1403.jpg, wood_anemone
1404.jpg, bluebell
1405.jpg, broom
1406.jpg, cranesbill
1407.jpg, daisy
1408.jpg, dandelion
1409.jpg, evergreen_bugloss
1410.jpg, garlic_mustard
1411.jpg, greater_celandine
1412.jpg, lesser_celandine
1413.jpg, pale_wood_violet
1414.jpg, stitchwort
1415.jpg, wood_anemone
1416.jpg, bluebell
1417.jpg, broom
1418.jpg, cranesbill
1419.jpg, daisy
1420.jpg, dandelion
1421.jpg, evergreen_bugloss
1422.jpg, garlic_mustard
1423.jpg, greater_celandine
1424.jpg, lesser_celandine
1425.jpg, pale_wood_violet
1426.jpg, stitchwort
1427.jpg, wood_anemone
1428.jpg, bluebell
1429.jpg, broom
1430.jpg, cranesbill
1431.jpg, daisy
1432.jpg, dandelion
1433.jpg, evergreen_bugloss
1434.jpg, garlic_mustard
1435.jpg, greater_celandine
1436.jpg, lesser_celandine
1437.jpg, pale_wood_violet
1438.jpg, stitchwort
1439.jpg, wood_anemone
1440.jpg, bluebell
1441.jpg, broom
1442.jpg, cranesbill
1443.jpg, daisy
1444.jpg, dandelion
1445.jpg, evergreen_bugloss
1446.jpg, garlic_mustard
1447.jpg, greater_celandine
1448.jpg, lesser_celandine
1449.jpg, pale_wood_violet
1450.jpg, stitchwort
1451.jpg, wood_anemone
1452.jpg, bluebell
1453.jpg, broom
1454.jpg, cranesbill
1455.jpg, daisy
1456.jpg, dandelion
1457.jpg, evergreen_bugloss
1458.jpg, garlic_mustard
1459.jpg, greater_celandine
1460.jpg, lesser_celandine
1461.jpg, pale_wood_violet
1462.jpg, stitchwort
1463.jpg, wood_anemone
1464.jpg, bluebell
1465.jpg, broom
1466.jpg, cranesbill
1467.jpg, daisy
1468.jpg, dandelion
1469.jpg, evergreen_bugloss
1470.jpg, garlic_mustard
1471.jpg, greater_celandine
1472.jpg, lesser_celandine
1473.jpg, pale_wood_violet
1474.jpg, stitchwort
1475.jpg, wood_anemone
1476.jpg, bluebell
1477.jpg, broom
1478.jpg, cranesbill
1479.jpg, daisy
1480.jpg, dandelion
1481.jpg, evergreen_bugloss
1482.jpg, garlic_mustard
1483.jpg, greater_celandine
1484.jpg, lesser_celandine
1485.jpg, pale_wood_violet
1486.jpg, stitchwort
1487.jpg, wood_anemone
1488.jpg, bluebell
1489.jpg, broom
1490.jpg, cranesbill
1491.jpg, daisy
1492.jpg, dandelion
1493.jpg, evergreen_bugloss
1494.jpg, garlic_mustard
1495.jpg, greater_celandine
1496.jpg, lesser_celandine
1497.jpg, pale_wood_violet
1498.jpg, stitchwort
1499.jpg, wood_anemone
1500.jpg, bluebell
1501.jpg, broom
1502.jpg, cranesbill
1503.jpg, daisy
1504.jpg, dandelion
1505.jpg, evergreen_bugloss
1506.jpg, garlic_mustard
1507.jpg, greater_celandine
1508.jpg, lesser_celandine
1509.jpg, pale_wood_violet
1510.jpg, stitchwort
1511.jpg, wood_anemone
1512.jpg, bluebell
1513.jpg, broom
1514.jpg, cranesbill
1515.jpg, daisy
1516.jpg, dandelion
1517.jpg, evergreen_bugloss
1518.jpg, garlic_mustard
1519.jpg, greater_celandine
1520.jpg, lesser_celandine
1521.jpg, pale_wood_violet
1522.jpg, stitchwort
1523.jpg, wood_anemone
1524.jpg, bluebell
1525.jpg, broom
1526.jpg, cranesbill
1527.jpg, daisy
1528.jpg, dandelion
1529.jpg, evergreen_bugloss
1530.jpg, garlic_mustard
1531.jpg, greater_celandine
1532.jpg, lesser_celandine
1533.jpg, pale_wood_violet
1534.jpg, stitchwort
1535.jpg, wood_anemone
1536.jpg, bluebell
1537.jpg, broom
1538.jpg, cranesbill
1539.jpg, daisy
1540.jpg, dandelion
1541.jpg, evergreen_bugloss
1542.jpg, garlic_mustard
1543.jpg, greater_celandine
1544.jpg, lesser_celandine
1545.jpg, pale_wood_violet
1546.jpg, stitchwort
1547.jpg, wood_anemone
1548.jpg, bluebell
1549.jpg, broom
1550.jpg, cranesbill
1551.jpg, daisy
1552.jpg, dandelion
1553.jpg, evergreen_bugloss
1554.jpg, garlic_mustard
1555.jpg, greater_celandine
1556.jpg, lesser_celandine
1557.jpg, pale_wood_violet
1558.jpg, stitchwort
1559.jpg, wood_anemone
1560.jpg, bluebell
1561.jpg, broom
1562.jpg, cranesbill
1563.jpg, daisy
1564.jpg, dandelion
1565.jpg, evergreen_bugloss
1566.jpg, garlic_mustard
1567.jpg, greater_celandine
1568.jpg, lesser_celandine
1569.jpg, pale_wood_violet
1570.jpg, stitchwort
1571.jpg, wood_anemone
1572.jpg, bluebell
1573.jpg, broom
1574.jpg, cranesbill
1575.jpg, daisy
1576.jpg, dandelion
1577.jpg, evergreen_bugloss
1578.jpg, garlic_mustard
1579.jpg, greater_celandine
1580.jpg, lesser_celandine
1581.jpg, pale_wood_violet
1582.jpg, stitchwort
1583.jpg, wood_anemone
1584.jpg, bluebell
1585.jpg, broom
1586.jpg, cranesbill
1587.jpg, daisy
1588.jpg, dandelion
1589.jpg, evergreen_bugloss
1590.jpg, garlic_mustard
1591.jpg, greater_celandine
1592.jpg, lesser_celandine
1593.jpg, pale_wood_violet
1594.jpg, stitchwort
1595.jpg, wood_anemone
1596.jpg, bluebell
1597.jpg, broom
1598.jpg, cranesbill
1599.jpg, daisy
1600.jpg, dandelion
1601.jpg, evergreen_bugloss
1602.jpg, garlic_mustard
1603.jpg, greater_celandine
1604.jpg, lesser_celandine
1605.jpg, pale_wood_violet
1606.jpg, stitchwort
1607.jpg, wood_anemone
1608.jpg, bluebell
1609.jpg, broom
1610.jpg, cranesbill
1611.jpg, daisy
1612.jpg, dandelion
1613.jpg, evergreen_bugloss
1614.jpg, garlic_mustard
1615.jpg, greater_celandine
1616.jpg, lesser_celandine
1617.jpg, pale_wood_violet
1618.jpg, stitchwort
1619.jpg, wood_anemone
1620.jpg, bluebell
1621.jpg, broom
1622.jpg, cranesbill
1623.jpg, daisy
1624.jpg, dandelion
1625.jpg, evergreen_bugloss
1626.jpg, garlic_mustard
1627.jpg, greater_celandine
1628.jpg, lesser_celandine
1629.jpg, pale_wood_violet
1630.jpg, stitchwort
1631.jpg, wood_anemone
1632.jpg, bluebell
1633.jpg, broom
1634.jpg, cranesbill
1635.jpg, daisy
1636.jpg, dandelion
1637.jpg, evergreen_bugloss
1638.jpg, garlic_mustard
1639.jpg, greater_celandine
1640.jpg, lesser_celandine
1641.jpg, pale_wood_violet
1642.jpg, stitchwort
1643.jpg, wood_anemone
1644.jpg, bluebell
1645.jpg, broom
1646.jpg, cranesbill
1647.jpg, daisy
1648.jpg, dandelion
1649.jpg, evergreen_bugloss
1650.jpg, garlic_mustard
1651.jpg, greater_celandine
1652.jpg, lesser_celandine
1653.jpg, pale_wood_violet
1654.jpg, stitchwort
1655.jpg, wood_anemone
1656.jpg, bluebell
1657.jpg, broom
1658.jpg, cranesbill
1659.jpg, daisy
1660.jpg, dandelion
1661.jpg, evergreen_bugloss
1662.jpg, garlic_mustard
1663.jpg, greater_celandine
1664.jpg, lesser_celandine
1665.jpg, pale_wood_violet
1666.jpg, stitchwort
1667.jpg, wood_anemone
1668.jpg, bluebell
1669.jpg, broom
1670.jpg, cranesbill
1671.jpg, daisy
1672.jpg, dandelion
1673.jpg, evergreen_bugloss
1674.jpg, garlic_mustard
1675.jpg, greater_celandine
1676.jpg, lesser_celandine
1677.jpg, pale_wood_violet
1678.jpg, stitchwort
1679.jpg, wood_anemone
1680.jpg, bluebell
1681.jpg, broom
1682.jpg, cranesbill
1683.jpg, daisy
1684.jpg, dandelion
1685.jpg, evergreen_bugloss
1686.jpg, garlic_mustard
1687.jpg, greater_celandine
1688.jpg, lesser_celandine
1689.jpg, pale_wood_violet
1690.jpg, stitchwort
1691.jpg, wood_anemone
1692.jpg, bluebell
1693.jpg, broom
1694.jpg, cranesbill
1695.jpg, daisy
1696.jpg, dandelion
1697.jpg, evergreen_bugloss
1698.jpg, garlic_mustard
1699.jpg, greater_celandine
1700.jpg, lesser_celandine
1701.jpg, pale_wood_violet
1702.jpg, stitchwort
1703.jpg, wood_anemone
1704.jpg, bluebell
1705.jpg, broom
1706.jpg, cranesbill
1707.jpg, daisy
1708.jpg, dandelion
1709.jpg, evergreen_bugloss
1710.jpg, garlic_mustard
1711.jpg, greater_celandine
1712.jpg, lesser_celandine
1713.jpg, pale_wood_violet
1714.jpg, stitchwort
1715.jpg, wood_anemone
1716.jpg, bluebell
1717.jpg, broom
1718.jpg, cranesbill
1719.jpg, daisy
1720.jpg, dandelion
1721.jpg, evergreen_bugloss
1722.jpg, garlic_mustard
1723.jpg, greater_celandine
1724.jpg, lesser_celandine
1725.jpg, pale_wood_violet
1726.jpg, stitchwort
1727.jpg, wood_anemone
1728.jpg, bluebell
1729.jpg, broom
1730.jpg, cranesbill
1731.jpg, daisy
1732.jpg, dandelion
1733.jpg, evergreen_bugloss
1734.jpg, garlic_mustard
1735.jpg, greater_celandine
1736.jpg, lesser_celandine
1737.jpg, pale_wood_violet
1738.jpg, stitchwort
1739.jpg, wood_anemone
1740.jpg, bluebell
1741.jpg, broom
1742.jpg, cranesbill
1743.jpg, daisy
1744.jpg, dandelion
1745.jpg, evergreen_bugloss
1746.jpg, garlic_mustard
1747.jpg, greater_celandine
1748.jpg, lesser_celandine
1749.jpg, pale_wood_violet
1750.jpg, stitchwort
1751.jpg, wood_anemone
1752.jpg, bluebell
1753.jpg, broom
1754.jpg, cranesbill
1755.jpg, daisy
1756.jpg, dandelion
1757.jpg, evergreen_bugloss
1758.jpg, garlic_mustard
1759.jpg, greater_celandine
1760.jpg, lesser_celandine
1761.jpg, pale_wood_violet
1762.jpg, stitchwort
1763.jpg, wood_anemone
1764.jpg, bluebell
1765.jpg, broom
1766.jpg, cranesbill
1767.jpg, daisy
1768.jpg, dandelion
1769.jpg, evergreen_bugloss
1770.jpg, garlic_mustard
1771.jpg, greater_celandine
1772.jpg, lesser_celandine
1773.jpg, pale_wood_violet
1774.jpg, stitchwort
1775.jpg, wood_anemone
1776.jpg, bluebell
1777.jpg, broom
1778.jpg, cranesbill
1779.jpg, daisy
1780.jpg, dandelion
1781.jpg, evergreen_bugloss
1782.jpg, garlic_mustard
1783.jpg, greater_celandine
1784.jpg, lesser_celandine
1785.jpg, pale_wood_violet
1786.jpg, stitchwort
1787.jpg, wood_anemone
1788.jpg, bluebell
1789.jpg, broom
1790.jpg, cranesbill
1791.jpg, daisy
1792.jpg, dandelion
1793.jpg, evergreen_bugloss
1794.jpg, garlic_mustard
1795.jpg, greater_celandine
1796.jpg, lesser_celandine
1797.jpg, pale_wood_violet
1798.jpg, stitchwort
1799.jpg, wood_anemone
